{
    "name": "Lorro BQ4050",
    "version": "0.2",
    "keywords": [
        "communication"
    ],
    "description": "Arduino library for BQ4050 battery fuel gauge, using SMBUS communication which is based on I2C",
    "frameworks": [
        "arduino"
    ],
    "platforms": [
        "teensy"
    ],
    "authors": [
        {
            "email": null,
            "url": null,
            "maintainer": true,
            "name": "Lorro"
        }
    ],
    "repository": {
        "type": "git",
        "url": "https://github.com/Lawmate/BQ4050"
    },
    "homepage": null,
    "export": {
        "include": null,
        "exclude": [
            "extras",
            "docs",
            "tests",
            "test",
            "*.doxyfile",
            "*.pdf"
        ]
    },
    "id": 199
}
